Customer ID,Total_Sales,Total_Profit,Orders,Avg_Order_Value,Cluster,Segment
AA-10315,5563.56,-362.8825,11,505.77818181818185,0,Medium Value
AA-10375,1056.39,277.3824,15,70.426,1,Low Value
AA-10480,1790.5120000000002,435.8274,12,149.20933333333335,1,Low Value
AA-10645,5086.9349999999995,857.8033,18,282.60749999999996,0,Medium Value
AB-10015,886.156,129.3465,6,147.69266666666667,1,Low Value
AB-10060,7755.62,2054.5885,18,430.86777777777775,2,High Value
AB-10105,14473.570999999998,5444.8055,20,723.6785499999999,2,High Value
AB-10150,966.71,313.6597,12,80.55916666666667,1,Low Value
AB-10165,1113.838,220.813,14,79.55985714285714,1,Low Value
AB-10255,914.5319999999999,264.5675,14,65.32371428571427,1,Low Value
AB-10600,1515.862,-274.9604,8,189.48275,1,Low Value
AC-10420,925.8,-62.1342,5,185.16,1,Low Value
AC-10450,5527.846,1366.0098,9,614.205111111111,2,High Value
AC-10615,2537.6859999999997,298.8273,18,140.98255555555554,0,Medium Value
AC-10660,657.316,-28.700399999999995,6,109.55266666666667,1,Low Value
AD-10180,6106.88,1869.9294,12,508.9066666666667,2,High Value
AF-10870,2052.908,317.9712,16,128.30675,0,Medium Value
AF-10885,861.565,-163.1175,7,123.0807142857143,1,Low Value
AG-10270,2582.898,732.7399,14,184.4927142857143,0,Medium Value
AG-10300,367.548,59.288399999999996,5,73.5096,1,Low Value
AG-10330,660.972,-5.137100000000006,9,73.44133333333333,1,Low Value
AG-10390,200.945,69.2784,8,25.118125,1,Low Value
AG-10495,2356.855,295.6668,21,112.23119047619048,0,Medium Value
AG-10525,1455.038,-152.7613,9,161.6708888888889,1,Low Value
AG-10675,3489.0396000000005,-246.42570000000003,15,232.60264000000004,0,Medium Value
AG-10765,170.584,-8.431000000000001,5,34.1168,1,Low Value
AG-10900,4510.797,343.6824,21,214.79985714285712,0,Medium Value
AH-10030,1744.7,365.2152,11,158.60909090909092,1,Low Value
AH-10075,3250.337,281.189,20,162.51685,0,Medium Value
AH-10120,1735.5140000000001,-2.3145999999999773,16,108.46962500000001,1,Low Value
AH-10195,1587.452,-378.5509,8,198.4315,1,Low Value
AH-10210,4805.344,1308.5546,13,369.64184615384613,0,Medium Value
AH-10465,2495.3916,-196.12009999999998,8,311.92395,1,Low Value
AH-10585,738.504,83.96300000000001,5,147.70080000000002,1,Low Value
AH-10690,7888.294,1298.0166,23,342.9693043478261,0,Medium Value
AI-10855,4375.786,867.7271000000001,18,243.09922222222224,0,Medium Value
AJ-10780,4867.344,150.71300000000005,15,324.4896,0,Medium Value
AJ-10795,4501.391,1158.7064,21,214.35195238095235,0,Medium Value
AJ-10945,1839.24,521.1351999999999,10,183.924,1,Low Value
AJ-10960,629.2479999999999,60.4265,5,125.84959999999998,1,Low Value
AM-10360,814.012,194.9878,12,67.83433333333333,1,Low Value
AM-10705,5664.022,1085.7326,22,257.4555454545455,0,Medium Value
AO-10810,161.28,12.096,1,161.28,1,Low Value
AP-10720,1638.554,285.7888,19,86.23968421052632,0,Medium Value
AP-10915,3323.556,579.3113,31,107.21148387096774,0,Medium Value
AR-10345,1055.694,-221.0544,5,211.1388,1,Low Value
AR-10405,2236.128,-98.7646,7,319.44685714285714,1,Low Value
AR-10510,264.86400000000003,43.6695,7,37.83771428571429,1,Low Value
AR-10540,6608.448,2884.6208,9,734.272,2,High Value
AR-10570,88.15,32.633,2,44.075,1,Low Value
AR-10825,4523.336,494.83519999999993,13,347.9489230769231,0,Medium Value
AS-10045,3050.692,-253.57459999999998,10,305.0692,1,Low Value
AS-10090,3255.31,64.53739999999998,25,130.2124,0,Medium Value
AS-10135,58.82,21.8496,3,19.606666666666666,1,Low Value
AS-10225,4260.784,719.7751000000001,13,327.75261538461535,0,Medium Value
AS-10240,584.6080000000001,33.715799999999994,13,44.969846153846156,1,Low Value
AS-10285,3214.236,354.62760000000003,8,401.7795,1,Low Value
AS-10630,833.398,136.49190000000002,12,69.44983333333333,1,Low Value
AT-10435,1171.814,100.87680000000002,9,130.20155555555556,1,Low Value
AT-10735,3831.864,974.107,16,239.4915,0,Medium Value
AW-10840,649.376,65.77250000000001,8,81.172,1,Low Value
AW-10930,2852.968,-104.5486,16,178.3105,0,Medium Value
AY-10555,497.014,103.3499,10,49.7014,1,Low Value
AZ-10750,1622.0179999999998,154.9503,12,135.16816666666665,1,Low Value
BB-10990,744.3399999999999,11.583900000000007,8,93.04249999999999,1,Low Value
BB-11545,6765.728,1015.0749999999999,20,338.2864,0,Medium Value
BC-11125,2933.676,251.5974,18,162.982,0,Medium Value
BD-11320,5718.521,1094.5037,19,300.9747894736842,0,Medium Value
BD-11500,4411.2429999999995,1142.1225,10,441.12429999999995,0,Medium Value
BD-11560,320.54,116.714,4,80.135,1,Low Value
BD-11605,3288.471,634.8463,20,164.42355,0,Medium Value
BD-11620,1538.11,206.75689999999997,8,192.26375,1,Low Value
BD-11635,582.646,141.53400000000002,5,116.52919999999999,1,Low Value
BD-11725,1526.5,333.9791,10,152.65,1,Low Value
BD-11770,658.466,141.265,10,65.8466,1,Low Value
BE-11335,4204.676,1487.7739000000001,9,467.1862222222223,0,Medium Value
BE-11410,2261.438,755.9150999999999,5,452.2876,1,Low Value
BE-11455,1727.652,139.20080000000002,13,132.8963076923077,1,Low Value
BF-10975,599.798,227.4384,13,46.13830769230769,1,Low Value
BF-11005,1333.88,-291.38109999999995,10,133.388,1,Low Value
BF-11020,2888.506,302.02,21,137.54790476190476,0,Medium Value
BF-11080,272.95,110.9272,6,45.49166666666667,1,Low Value
BF-11170,5907.972,1538.2127,27,218.81377777777777,0,Medium Value
BF-11215,1585.162,523.2133,8,198.14525,1,Low Value
BF-11275,791.9899999999999,25.870199999999997,4,197.99749999999997,1,Low Value
BG-11035,2798.948,-711.4274,12,233.24566666666666,1,Low Value
BG-11695,1874.172,107.5715,8,234.2715,1,Low Value
BG-11740,1006.356,119.34790000000001,7,143.76514285714285,1,Low Value
BH-11710,6255.351,802.7898,24,260.63962499999997,0,Medium Value
BK-11260,659.1379999999999,-63.764399999999995,16,41.196124999999995,1,Low Value
BM-11140,11789.63,-1659.9580999999998,16,736.851875,2,High Value
BM-11575,808.162,95.58160000000001,10,80.81620000000001,1,Low Value
BM-11650,7294.185,2199.2781,29,251.5236206896552,0,Medium Value
BM-11785,1338.842,137.7439,14,95.63157142857143,1,Low Value
BN-11470,265.296,36.6131,6,44.216,1,Low Value
BN-11515,1459.344,340.7054,17,85.84376470588235,0,Medium Value
BO-11350,2682.728,278.77700000000004,12,223.56066666666666,1,Low Value
BO-11425,130.83,59.4522,2,65.415,1,Low Value
BP-11050,983.42,209.78300000000002,7,140.48857142857142,1,Low Value
BP-11095,2442.044,433.9751,20,122.1022,0,Medium Value
BP-11155,1697.8609999999999,647.3847000000001,11,154.351,1,Low Value
BP-11185,3675.861,363.5991,18,204.2145,0,Medium Value
BP-11230,1181.49,-197.2695,6,196.915,1,Low Value
BP-11290,2475.157,-319.0637,16,154.6973125,0,Medium Value
BS-11365,10501.653,2616.0643999999998,9,1166.8503333333333,2,High Value
BS-11380,3887.834,-17.532200000000024,13,299.06415384615383,0,Medium Value
BS-11590,2454.928,381.7807,10,245.4928,1,Low Value
BS-11665,3288.1099999999997,238.73680000000002,11,298.91909090909087,1,Low Value
BS-11755,2562.382,-113.29840000000003,14,183.0272857142857,1,Low Value
BS-11800,949.4300000000001,194.0516,8,118.67875000000001,1,Low Value
BT-11305,2567.656,417.5918,9,285.2951111111111,1,Low Value
BT-11395,2186.6130000000003,257.9163,10,218.66130000000004,1,Low Value
BT-11440,603.876,-77.5256,7,86.268,1,Low Value
BT-11485,415.19599999999997,126.8694,3,138.39866666666666,1,Low Value
BT-11530,2684.4919999999997,409.4983,10,268.44919999999996,1,Low Value
BT-11680,3196.752,447.74839999999995,20,159.8376,0,Medium Value
BV-11245,1523.2730000000001,315.2214,14,108.8052142857143,1,Low Value
BW-11065,385.516,-58.28659999999999,3,128.50533333333334,1,Low Value
BW-11110,4750.358,921.2574,17,279.4328235294118,0,Medium Value
BW-11200,1738.406,246.9973,10,173.8406,1,Low Value
CA-11965,3789.7228,1143.3817,10,378.97228,0,Medium Value
CA-12055,1679.7240000000002,211.2559,10,167.97240000000002,1,Low Value
CA-12265,2648.2872,279.6183,17,155.78160000000003,0,Medium Value
CA-12310,1421.954,246.02179999999998,11,129.26854545454546,1,Low Value
CA-12775,3041.566,204.48950000000002,17,178.9156470588235,0,Medium Value
CB-12025,6076.139,150.2089,26,233.69765384615386,0,Medium Value
CB-12415,1949.2,272.3883,12,162.43333333333334,1,Low Value
CB-12535,4246.4555,1049.5601,19,223.49765789473685,0,Medium Value
CC-12100,1770.945,208.5912,13,136.22653846153847,1,Low Value
CC-12145,2471.65,392.2825,11,224.69545454545457,1,Low Value
CC-12220,3913.418,393.9618,22,177.88263636363638,0,Medium Value
CC-12370,12129.072000000002,2177.0493,11,1102.6429090909094,2,High Value
CC-12430,2870.05,424.6583,19,151.05526315789476,0,Medium Value
CC-12475,1659.438,154.851,13,127.64907692307693,1,Low Value
CC-12550,113.832,33.870599999999996,4,28.458,1,Low Value
CC-12610,2540.631,331.434,12,211.71925,1,Low Value
CC-12670,2269.7015,187.8399,14,162.12153571428573,1,Low Value
CC-12685,2854.1150000000002,850.1591,12,237.8429166666667,0,Medium Value
CD-11920,2033.968,426.661,9,225.99644444444445,1,Low Value
CD-11980,639.766,-206.7172,6,106.62766666666666,1,Low Value
CD-12280,1205.584,233.0274,13,92.73723076923078,1,Low Value
CD-12790,1860.732,403.8422,15,124.0488,1,Low Value
CG-12040,904.4680000000001,86.5106,9,100.49644444444445,1,Low Value
CG-12520,1148.7800000000002,169.93439999999998,5,229.75600000000003,1,Low Value
CH-12070,1537.236,195.15109999999999,4,384.309,1,Low Value
CJ-11875,16.52,1.652,1,16.52,1,Low Value
CJ-12010,11164.974,858.7414,20,558.2487,2,High Value
CK-12205,3154.855,141.2831,32,98.58921875,0,Medium Value
CK-12325,2945.321,261.22090000000003,12,245.44341666666665,1,Low Value
CK-12595,2372.75,497.70980000000003,25,94.91,0,Medium Value
CK-12760,1582.109,-338.4311,14,113.0077857142857,1,Low Value
CL-11890,1262.0140000000001,328.0847,7,180.28771428571432,1,Low Value
CL-12565,10880.546,1933.7830999999999,28,388.5909285714286,2,High Value
CL-12700,2353.586,229.00990000000002,8,294.19825,1,Low Value
CM-11815,1673.888,214.463,10,167.3888,1,Low Value
CM-11935,565.392,-43.732400000000005,4,141.348,1,Low Value
CM-12115,1661.6100000000001,409.0679,7,237.37285714285716,1,Low Value
CM-12160,2533.314,-394.3686,7,361.902,1,Low Value
CM-12190,1475.144,91.2033,7,210.73485714285715,1,Low Value
CM-12235,2305.712,365.0387,8,288.214,1,Low Value
CM-12385,8954.019999999999,3899.8903999999998,10,895.4019999999998,2,High Value
CM-12445,287.99,64.4296,9,31.99888888888889,1,Low Value
CM-12655,6339.5576,1572.4585,10,633.95576,2,High Value
CM-12715,3984.4524,176.3108,13,306.49633846153847,0,Medium Value
CP-12085,5402.254,427.0258,14,385.8752857142857,0,Medium Value
CP-12340,5888.275,-1850.3029000000001,15,392.5516666666666,0,Medium Value
CR-12580,2148.852,74.40129999999999,6,358.142,1,Low Value
CR-12625,475.9,144.7594,4,118.975,1,Low Value
CR-12730,1600.55,306.9176,6,266.7583333333333,1,Low Value
CR-12820,1397.8724,83.27029999999999,7,199.69605714285714,1,Low Value
CS-11845,1278.954,185.3776,8,159.86925,1,Low Value
CS-11860,537.632,105.8275,7,76.80457142857142,1,Low Value
CS-11950,3036.547,-126.4223,22,138.02486363636365,0,Medium Value
CS-12130,884.64,143.8339,7,126.37714285714286,1,Low Value
CS-12175,844.4580000000001,113.1405,8,105.55725000000001,1,Low Value
CS-12250,2754.216,738.3626,28,98.36485714285713,0,Medium Value
CS-12355,3202.1620000000003,831.9432,22,145.5528181818182,0,Medium Value
CS-12400,3651.8585000000003,-342.80330000000004,14,260.8470357142857,0,Medium Value
CS-12460,550.644,156.2593,6,91.774,1,Low Value
CS-12490,1077.2285,-302.8761,9,119.69205555555556,1,Low Value
CS-12505,5690.054999999999,-6626.389499999999,9,632.2283333333332,1,Low Value
CT-11995,3241.898,161.22629999999995,18,180.10544444444446,0,Medium Value
CV-12295,2830.6279999999997,493.0861,13,217.74061538461535,0,Medium Value
CV-12805,2370.3136,98.99749999999999,19,124.75334736842105,0,Medium Value
CW-11905,1136.592,370.8298,11,103.32654545454547,1,Low Value
CY-12745,2900.026,60.64670000000001,11,263.63872727272724,1,Low Value
Co-12640,1300.076,205.62820000000002,8,162.5095,1,Low Value
DA-13450,156.76,56.7904,8,19.595,1,Low Value
DB-12910,2171.599,431.3748,12,180.96658333333335,1,Low Value
DB-12970,2839.2272,213.00289999999998,14,202.80194285714285,0,Medium Value
DB-13060,4531.646,473.0272,13,348.58815384615383,0,Medium Value
DB-13120,2973.094,-1421.7692,14,212.36385714285714,1,Low Value
DB-13210,2332.577,169.9679,21,111.07509523809524,0,Medium Value
DB-13270,4655.897,841.8263999999999,13,358.14592307692305,0,Medium Value
DB-13360,1081.466,291.0085,6,180.24433333333332,1,Low Value
DB-13405,1711.692,438.9092,14,122.26371428571429,1,Low Value
DB-13555,3908.8028,109.32700000000001,14,279.2002,0,Medium Value
DB-13615,1989.05,438.80119999999994,11,180.82272727272726,1,Low Value
DB-13660,1155.202,177.67350000000002,10,115.5202,1,Low Value
DC-12850,3336.168,-1441.6312999999998,18,185.34266666666667,0,Medium Value
DC-13285,1174.618,132.06820000000002,7,167.8025714285714,1,Low Value
DD-13570,269.542,36.4344,9,29.949111111111108,1,Low Value
DE-13255,2550.874,464.47139999999996,9,283.43044444444445,1,Low Value
DF-13135,2390.534,-259.3097,6,398.42233333333337,1,Low Value
DG-13300,3195.818,562.7761,8,399.47725,1,Low Value
DH-13075,4932.872,1193.7404,23,214.47269565217394,0,Medium Value
DH-13675,1043.096,116.667,11,94.8269090909091,1,Low Value
DJ-13420,2012.52,483.03499999999997,5,402.504,1,Low Value
DJ-13510,2501.6879999999996,345.2521,13,192.43753846153842,1,Low Value
DJ-13630,3356.398,731.5644,8,419.54975,1,Low Value
DK-12835,3256.48,881.1228000000001,27,120.61037037037038,0,Medium Value
DK-12895,4282.176,937.6496,15,285.4784,0,Medium Value
DK-12985,1687.04,-107.35379999999998,8,210.88,1,Low Value
DK-13090,2650.557,536.3935,13,203.88899999999998,1,Low Value
DK-13150,797.832,249.9447,5,159.5664,1,Low Value
DK-13225,4802.394,209.89940000000004,19,252.75757894736844,0,Medium Value
DK-13375,3318.486,377.0799,23,144.28199999999998,0,Medium Value
DL-12865,1503.112,322.2449,14,107.36514285714286,1,Low Value
DL-12925,3272.2,4.213200000000029,14,233.72857142857143,0,Medium Value
DL-13315,1458.258,288.8732,17,85.77988235294117,0,Medium Value
DL-13330,585.02,222.6812,8,73.1275,1,Low Value
DL-13495,3539.322,-52.78799999999997,12,294.94350000000003,1,Low Value
DM-12955,1322.034,108.7583,9,146.89266666666668,1,Low Value
DM-13015,6345.103,1677.3931,20,317.25515,0,Medium Value
DM-13345,4074.4719999999998,1319.0586,13,313.42092307692303,0,Medium Value
DM-13525,1376.792,199.7688,10,137.67919999999998,1,Low Value
DN-13690,2139.79,540.5405000000001,11,194.52636363636364,1,Low Value
DO-13435,1300.0315,-38.90860000000001,13,100.00242307692308,1,Low Value
DO-13645,1267.316,294.0676,11,115.21054545454545,1,Low Value
DP-13000,1050.636,241.4524,17,61.80211764705882,0,Medium Value
DP-13105,2215.002,563.1761,14,158.21442857142856,0,Medium Value
DP-13165,1058.616,-40.93759999999999,4,264.654,1,Low Value
DP-13390,5480.723999999999,1571.8318,14,391.4802857142857,0,Medium Value
DR-12880,6528.034000000001,1641.8613,24,272.00141666666667,0,Medium Value
DR-12940,8350.868,2869.0759999999996,13,642.3744615384616,2,High Value
DS-13030,1762.213,193.3319,19,92.74805263157894,0,Medium Value
DS-13180,2881.8128,163.6993,20,144.09064,0,Medium Value
DV-13045,1119.483,-427.184,9,124.387,1,Low Value
DV-13465,3341.587,353.2127,15,222.77246666666667,0,Medium Value
DW-13195,1080.751,-86.87379999999999,9,120.08344444444444,1,Low Value
DW-13480,5271.628,1348.7556,11,479.2389090909091,0,Medium Value
DW-13540,344.08,69.6672,9,38.23111111111111,1,Low Value
DW-13585,1204.854,-266.8966,10,120.4854,1,Low Value
Dl-13600,755.602,175.2388,6,125.93366666666667,1,Low Value
Dp-13240,7198.7609999999995,333.36479999999995,29,248.23313793103446,0,Medium Value
EA-14035,2846.705,-52.74059999999998,25,113.8682,0,Medium Value
EB-13705,3644.978,13.621500000000005,12,303.7481666666667,0,Medium Value
EB-13750,3236.314,-80.28599999999999,20,161.8157,0,Medium Value
EB-13840,4358.128,656.1988,8,544.766,1,Low Value
EB-13870,2767.219,261.5315,11,251.56536363636363,1,Low Value
EB-13930,944.6000000000001,0.6042000000000058,7,134.94285714285715,1,Low Value
EB-13975,1643.255,162.8781,6,273.87583333333333,1,Low Value
EB-14110,3071.126,184.7656,11,279.19327272727276,1,Low Value
EB-14170,1186.326,282.1701,7,169.47514285714286,1,Low Value
EC-14050,461.914,96.4256,7,65.98771428571429,1,Low Value
ED-13885,3484.92,670.4435000000001,14,248.92285714285714,0,Medium Value
EG-13900,1832.02,104.2656,9,203.55777777777777,1,Low Value
EH-13765,10310.880000000001,1393.5154,32,322.21500000000003,2,High Value
EH-13945,684.1709999999999,53.53980000000001,17,40.24535294117646,1,Low Value
EH-13990,825.9499999999999,150.3759,8,103.24374999999999,1,Low Value
EH-14005,1219.53,-94.14079999999997,11,110.86636363636363,1,Low Value
EH-14125,3082.653,96.27019999999999,18,171.2585,0,Medium Value
EH-14185,923.884,242.1107,8,115.4855,1,Low Value
EJ-13720,2162.174,387.0176,8,270.27175,1,Low Value
EJ-14155,2656.691,451.87550000000005,8,332.086375,1,Low Value
EK-13795,1303.478,97.10659999999999,4,325.8695,1,Low Value
EL-13735,124.28,27.1154,2,62.14,1,Low Value
EM-13810,2567.0099999999998,-133.8275,7,366.7157142857142,1,Low Value
EM-13825,2339.598,682.5541999999999,16,146.224875,0,Medium Value
EM-13960,933.704,102.29599999999999,6,155.61733333333333,1,Low Value
EM-14065,228.99,40.15459999999999,6,38.165,1,Low Value
EM-14095,1041.0420000000001,240.2362,10,104.10420000000002,1,Low Value
EM-14140,4588.436000000001,1319.3655,21,218.49695238095242,0,Medium Value
EM-14200,366.822,21.7721,4,91.7055,1,Low Value
EN-13780,2199.366,496.1131,9,244.374,1,Low Value
EP-13915,5478.0608,144.9578,31,176.71163870967743,0,Medium Value
ER-13855,1245.788,-295.7398,5,249.1576,1,Low Value
ES-14020,3510.4579999999996,1003.2935,8,438.80724999999995,1,Low Value
ES-14080,4657.924,246.6661,20,232.8962,0,Medium Value
FA-14230,2984.054,520.5229,17,175.53258823529413,0,Medium Value
FC-14245,3418.742,1217.1662000000001,14,244.19585714285716,0,Medium Value
FC-14335,3889.366,714.2926,10,388.9366,0,Medium Value
FG-14260,1383.144,394.73969999999997,11,125.74036363636364,1,Low Value
FH-14275,4256.272,1073.2676,21,202.67961904761904,0,Medium Value
FH-14350,2271.284,706.289,14,162.23457142857143,0,Medium Value
FH-14365,6987.196,2050.2826,13,537.4766153846153,2,High Value
FM-14215,2456.638,249.6808,15,163.77586666666667,0,Medium Value
FM-14290,3736.198,198.10949999999997,20,186.8099,0,Medium Value
FM-14380,2523.266,191.4898,14,180.23328571428573,1,Low Value
FO-14305,2678.438,215.59689999999998,15,178.56253333333333,0,Medium Value
FP-14320,4046.746,406.44730000000004,14,289.0532857142857,0,Medium Value
FW-14395,79.75,23.491300000000003,3,26.583333333333332,1,Low Value
GA-14515,3919.7760000000003,840.899,14,279.98400000000004,0,Medium Value
GA-14725,1398.382,136.70790000000002,22,63.56281818181819,0,Medium Value
GB-14530,1568.44,7.837100000000003,20,78.422,0,Medium Value
GB-14575,4716.288,1135.8393,16,294.768,0,Medium Value
GD-14590,1888.07,230.93729999999996,6,314.67833333333334,1,Low Value
GG-14650,2224.0,12.698500000000008,24,92.66666666666667,0,Medium Value
GH-14410,2819.4669999999996,-576.8335,17,165.85099999999997,0,Medium Value
GH-14425,4172.8460000000005,1176.4181,10,417.28460000000007,0,Medium Value
GH-14485,1361.2440000000001,-95.4498,3,453.74800000000005,1,Low Value
GH-14665,146.94080000000002,-5.810200000000001,3,48.98026666666667,1,Low Value
GK-14620,6497.27,1448.5525,14,464.09071428571434,2,High Value
GM-14440,3582.8199999999997,347.266,11,325.71090909090907,1,Low Value
GM-14455,3078.624,793.2814000000001,12,256.55199999999996,0,Medium Value
GM-14500,1255.682,441.3185,13,96.59092307692308,1,Low Value
GM-14680,3163.628,35.48649999999999,11,287.60254545454546,1,Low Value
GM-14695,6049.966,188.7235,11,549.9969090909091,0,Medium Value
GP-14740,236.53,31.837600000000002,5,47.306,1,Low Value
GR-14560,1284.38,359.83320000000003,5,256.87600000000003,1,Low Value
GT-14635,9351.212,-4108.6589,6,1558.5353333333333,2,High Value
GT-14710,11820.119999999999,2163.4269,29,407.5903448275862,2,High Value
GT-14755,226.436,-6.139200000000002,7,32.348,1,Low Value
GW-14605,2189.019,-268.54229999999995,9,243.2243333333333,1,Low Value
GZ-14470,4355.150000000001,1087.7539,14,311.0821428571429,0,Medium Value
GZ-14545,2454.6220000000003,828.661,5,490.92440000000005,1,Low Value
HA-14905,2163.3,270.8574,10,216.33,1,Low Value
HA-14920,2584.158,99.1445,18,143.56433333333334,0,Medium Value
HD-14785,251.36,-135.87599999999998,7,35.90857142857143,1,Low Value
HE-14800,883.5319999999999,274.4028,11,80.3210909090909,1,Low Value
HF-14995,2533.1639999999998,-13.876799999999989,19,133.32442105263158,0,Medium Value
HG-14845,785.628,147.0032,10,78.56280000000001,1,Low Value
HG-14965,3247.642,-2797.9635000000003,17,191.03776470588235,1,Low Value
HG-15025,3690.284,804.6113,11,335.4803636363636,0,Medium Value
HH-15010,218.668,86.7342,6,36.44466666666667,1,Low Value
HJ-14875,358.1,98.6548,6,59.68333333333334,1,Low Value
HK-14890,4877.784,956.9451,15,325.18559999999997,0,Medium Value
HL-15040,12873.297999999999,5622.4292000000005,11,1170.2998181818182,2,High Value
HM-14860,8236.7648,2437.9836,20,411.83824000000004,2,High Value
HM-14980,736.276,117.2755,7,105.18228571428571,1,Low Value
HP-14815,1990.314,373.8637,10,199.03140000000002,1,Low Value
HR-14770,1299.288,185.5794,13,99.94523076923078,1,Low Value
HR-14830,5248.787,1196.9504,14,374.91335714285714,0,Medium Value
HW-14935,9300.254,2164.1611,20,465.01270000000005,2,High Value
HZ-14950,886.52,-130.3879,6,147.75333333333333,1,Low Value
IG-15085,744.574,320.4982,7,106.36771428571429,1,Low Value
IL-15100,5040.736,1121.937,14,360.0525714285714,0,Medium Value
IM-15055,2872.63,975.7701,4,718.1575,1,Low Value
IM-15070,4930.474,514.6527,21,234.7844761904762,0,Medium Value
JA-15970,6491.026,-819.4217000000001,24,270.45941666666664,0,Medium Value
JB-15400,1791.605,156.05319999999998,16,111.9753125,0,Medium Value
JB-15925,900.552,-286.9808,8,112.569,1,Low Value
JB-16000,644.1188,126.76490000000001,7,92.01697142857142,1,Low Value
JB-16045,2518.115,201.51850000000002,9,279.79055555555556,1,Low Value
JC-15340,71.263,-0.35560000000000036,4,17.81575,1,Low Value
JC-15385,1058.108,502.92440000000005,4,264.527,1,Low Value
JC-15775,2772.055,279.56919999999997,16,173.2534375,0,Medium Value
JC-16105,858.576,201.5952,9,95.39733333333334,1,Low Value
JD-15790,2152.352,-266.55249999999995,7,307.4788571428571,1,Low Value
JD-15895,7610.8640000000005,1050.2667999999999,32,237.83950000000002,0,Medium Value
JD-16015,385.43,26.7605,11,35.03909090909091,1,Low Value
JD-16060,695.442,111.11410000000001,6,115.907,1,Low Value
JD-16150,8828.0305,1619.5199,17,519.2959117647059,2,High Value
JE-15475,1388.682,276.2197,13,106.8216923076923,1,Low Value
JE-15610,7754.976,1623.4019,20,387.74879999999996,2,High Value
JE-15715,8697.842999999999,1262.2926,22,395.3564999999999,2,High Value
JE-15745,6760.8150000000005,221.79670000000002,23,293.9484782608696,0,Medium Value
JE-16165,2697.248,789.6476,7,385.3211428571429,1,Low Value
JF-15190,2279.5860000000002,575.1259,19,119.9782105263158,0,Medium Value
JF-15295,955.124,97.28899999999999,14,68.22314285714286,1,Low Value
JF-15355,1911.844,330.199,16,119.49025,0,Medium Value
JF-15415,2371.448,635.6376,14,169.38914285714284,0,Medium Value
JF-15490,1082.918,-18.06730000000001,15,72.19453333333333,1,Low Value
JF-15565,4198.332,1073.2088,16,262.39575,0,Medium Value
JG-15115,2358.676,684.1911,7,336.9537142857143,1,Low Value
JG-15160,6366.392,1415.6664,18,353.68844444444443,0,Medium Value
JG-15310,2240.58,3.7976000000000063,11,203.6890909090909,1,Low Value
JG-15805,1507.018,206.1019,9,167.44644444444444,1,Low Value
JH-15430,309.281,-24.077100000000005,7,44.183,1,Low Value
JH-15820,528.91,26.082199999999997,8,66.11375,1,Low Value
JH-15910,959.477,-13.554499999999996,9,106.60855555555555,1,Low Value
JH-15985,7954.9980000000005,-644.6982,14,568.2141428571429,0,Medium Value
JH-16180,2256.3940000000002,-96.95300000000002,5,451.27880000000005,1,Low Value
JJ-15445,709.178,200.5558,6,118.19633333333333,1,Low Value
JJ-15760,195.0,34.449200000000005,3,65.0,1,Low Value
JK-15205,4427.142,1219.983,13,340.5493846153846,0,Medium Value
JK-15325,383.812,55.32769999999999,4,95.953,1,Low Value
JK-15370,2709.632,330.2838,17,159.39011764705882,0,Medium Value
JK-15625,3760.028,750.9485,12,313.33566666666667,0,Medium Value
JK-15640,4760.434,1172.5303,12,396.70283333333333,0,Medium Value
JK-15730,4867.2,55.0483,20,243.35999999999999,0,Medium Value
JK-16090,3747.668,586.6625,9,416.4075555555556,1,Low Value
JK-16120,2932.484,122.6566,17,172.4990588235294,0,Medium Value
JL-15130,1214.956,-207.79559999999998,12,101.24633333333333,1,Low Value
JL-15175,1571.523,209.2817,7,224.5032857142857,1,Low Value
JL-15235,2203.7,54.51740000000002,10,220.36999999999998,1,Low Value
JL-15505,3173.874,591.7163,17,186.6984705882353,0,Medium Value
JL-15835,9799.923,228.907,34,288.23302941176473,0,Medium Value
JL-15850,2725.256,779.9046,11,247.75054545454543,1,Low Value
JM-15250,3159.1220000000003,19.82350000000004,19,166.26957894736844,0,Medium Value
JM-15265,1804.146,502.6143,13,138.78046153846154,1,Low Value
JM-15535,1733.443,356.5395,10,173.3443,1,Low Value
JM-15580,303.948,113.1204,7,43.421142857142854,1,Low Value
JM-15655,864.947,117.20400000000001,12,72.07891666666667,1,Low Value
JM-15865,7625.076000000001,1574.6163999999999,13,586.5443076923077,2,High Value
JM-16195,2833.9260000000004,754.1144,19,149.15400000000002,0,Medium Value
JO-15145,3254.949,581.4045,13,250.3806923076923,0,Medium Value
JO-15280,1934.272,202.13619999999997,11,175.84290909090907,1,Low Value
JO-15550,1090.838,167.6709,11,99.1670909090909,1,Low Value
JP-15460,1669.135,429.7465,15,111.27566666666667,1,Low Value
JP-15520,3635.594,757.1802,16,227.224625,0,Medium Value
JP-16135,1707.71,309.7116,13,131.3623076923077,1,Low Value
JR-15670,1156.658,-785.1645,3,385.55266666666665,1,Low Value
JR-15700,863.88,107.985,1,863.88,1,Low Value
JR-16210,2201.686,452.37300000000005,10,220.16860000000003,1,Low Value
JS-15595,1417.654,-175.54899999999998,8,177.20675,1,Low Value
JS-15685,1131.0639999999999,-54.8692,11,102.82399999999998,1,Low Value
JS-15880,3868.02,564.9798000000001,9,429.78,1,Low Value
JS-15940,469.169,-327.9336,8,58.646125,1,Low Value
JS-16030,2516.494,-311.25749999999994,18,139.80522222222223,0,Medium Value
JW-15220,7721.714,2173.7093999999997,14,551.551,2,High Value
JW-15955,1244.086,-29.575899999999987,11,113.09872727272727,1,Low Value
JW-16075,1428.731,154.06369999999998,7,204.10442857142857,1,Low Value
KA-16525,1519.506,234.9194,11,138.13690909090909,1,Low Value
KB-16240,3152.6150000000002,763.9076,10,315.2615,1,Low Value
KB-16315,1569.464,49.71929999999999,22,71.33927272727273,0,Medium Value
KB-16405,908.821,274.297,9,100.98011111111111,1,Low Value
KB-16585,2744.742,579.3551,23,119.33660869565219,0,Medium Value
KB-16600,983.922,293.55240000000003,9,109.32466666666667,1,Low Value
KC-16255,2120.954,846.1217,10,212.0954,1,Low Value
KC-16540,3908.262,709.4219,5,781.6524000000001,2,High Value
KC-16675,1146.05,156.7797,7,163.72142857142856,1,Low Value
KD-16270,8282.358,1107.6952000000003,16,517.647375,2,High Value
KD-16345,1888.964,328.5942,10,188.8964,1,Low Value
KD-16495,8181.256,3038.6254,28,292.1877142857143,2,High Value
KD-16615,2243.5099999999998,539.7219,13,172.5776923076923,1,Low Value
KE-16420,1686.7312,397.87989999999996,15,112.44874666666666,1,Low Value
KF-16285,10604.266,1660.1386,18,589.1258888888889,2,High Value
KH-16330,3312.864,454.7871,18,184.048,0,Medium Value
KH-16360,3100.612,528.2051,14,221.47228571428573,0,Medium Value
KH-16510,5952.859,656.1162,23,258.81995652173913,0,Medium Value
KH-16630,3918.9660000000003,727.3786,17,230.5274117647059,0,Medium Value
KH-16690,5990.799,1227.5091,15,399.3866,0,Medium Value
KL-16555,5016.488,-182.78130000000002,22,228.02218181818182,0,Medium Value
KL-16645,14175.229000000001,806.855,29,488.80100000000004,2,High Value
KM-16225,2260.958,635.1057000000001,19,118.99778947368422,0,Medium Value
KM-16375,5620.186,973.7901999999999,20,281.0093,0,Medium Value
KM-16660,453.538,91.1391,9,50.39311111111111,1,Low Value
KM-16720,4909.472,745.7685,28,175.33828571428572,0,Medium Value
KN-16390,2617.272,-151.1518,17,153.95717647058822,0,Medium Value
KN-16450,2171.962,114.3083,8,271.49525,1,Low Value
KN-16705,2280.58,329.76250000000005,15,152.03866666666667,0,Medium Value
KS-16300,88.472,0.11099999999999888,4,22.118,1,Low Value
KT-16465,3057.1,254.0032,14,218.3642857142857,0,Medium Value
KT-16480,4642.088400000001,194.0671,13,357.0837230769231,0,Medium Value
KW-16435,4416.5199999999995,1756.135,10,441.65199999999993,0,Medium Value
KW-16570,449.096,107.92699999999999,5,89.8192,1,Low Value
LA-16780,8673.222,2059.1199,26,333.5854615384615,2,High Value
LB-16735,50.188,18.6507,3,16.729333333333333,1,Low Value
LB-16795,4985.676,-52.19099999999998,24,207.7365,0,Medium Value
LC-16870,2580.7039999999997,-188.25110000000004,30,86.02346666666666,0,Medium Value
LC-16885,7663.126,1288.3469,23,333.17939130434786,0,Medium Value
LC-16930,4492.946,288.26599999999996,14,320.9247142857143,0,Medium Value
LC-16960,3246.626,299.48019999999997,7,463.8037142857143,1,Low Value
LC-17050,2095.064,86.77799999999999,9,232.78488888888887,1,Low Value
LC-17140,2633.582,231.12520000000004,19,138.60957894736842,0,Medium Value
LD-16855,5.304,0.4641,1,5.304,1,Low Value
LD-17005,1961.934,557.1714,7,280.27628571428573,1,Low Value
LE-16810,1469.45,161.76489999999998,9,163.27222222222224,1,Low Value
LF-17185,3930.5089999999996,-3583.977,16,245.65681249999997,1,Low Value
LH-16750,287.426,12.627699999999999,3,95.80866666666667,1,Low Value
LH-16900,2295.332,526.0727,15,153.02213333333333,0,Medium Value
LH-17020,318.239,-242.73989999999998,6,53.03983333333333,1,Low Value
LH-17155,1739.689,316.5202,19,91.56257894736842,0,Medium Value
LL-16840,2741.2039999999997,560.0078,12,228.43366666666665,1,Low Value
LM-17065,1346.774,-44.87799999999999,7,192.3962857142857,1,Low Value
LO-17170,644.35,150.1712,9,71.59444444444445,1,Low Value
LP-17080,756.606,110.7813,9,84.06733333333334,1,Low Value
LP-17095,3653.399,338.44539999999995,15,243.55993333333333,0,Medium Value
LR-16915,5142.892,535.4764,16,321.43075,0,Medium Value
LR-17035,1879.306,-382.8079,12,156.60883333333334,1,Low Value
LS-16945,2845.27,-318.77369999999996,14,203.23357142857142,1,Low Value
LS-16975,2988.674,262.63669999999996,22,135.8488181818182,0,Medium Value
LS-17200,1010.2560000000001,244.197,14,72.16114285714286,1,Low Value
LS-17230,368.88000000000005,39.1952,6,61.48000000000001,1,Low Value
LS-17245,1008.1360000000001,348.3584,12,84.01133333333334,1,Low Value
LT-16765,329.876,59.036,3,109.95866666666666,1,Low Value
LT-17110,2936.252,320.973,14,209.73228571428572,0,Medium Value
LW-16825,2238.061,32.5767,15,149.20406666666668,1,Low Value
LW-16990,3230.308,662.8339000000001,11,293.66436363636365,1,Low Value
LW-17125,1259.04,192.6312,5,251.808,1,Low Value
LW-17215,5420.514,837.2411,15,361.3676,0,Medium Value
MA-17560,4299.161,1240.2266,34,126.44591176470588,0,Medium Value
MA-17995,2453.284,280.7822,12,204.44033333333334,1,Low Value
MB-17305,1548.702,212.425,19,81.51063157894737,0,Medium Value
MB-18085,1428.231,117.8057,10,142.8231,1,Low Value
MC-17275,2725.982,461.0014,13,209.69092307692307,1,Low Value
MC-17425,4432.138,1802.3903,10,443.2138,0,Medium Value
MC-17575,1303.893,210.7493,11,118.53572727272727,1,Low Value
MC-17590,2426.067,288.98409999999996,17,142.70982352941178,0,Medium Value
MC-17605,2258.192,195.4486,18,125.45511111111111,0,Medium Value
MC-17635,795.154,-247.94350000000003,8,99.39425,1,Low Value
MC-17845,3805.714,698.4174,14,271.83671428571427,0,Medium Value
MC-18100,2218.98,-64.1668,19,116.78842105263158,0,Medium Value
MC-18130,1581.9979999999998,121.7565,11,143.81799999999998,1,Low Value
MD-17350,3766.382,-241.94999999999996,17,221.5518823529412,0,Medium Value
MD-17860,1204.91,-4.040300000000002,8,150.61375,1,Low Value
ME-17320,10663.728000000001,1859.4695,22,484.71490909090915,2,High Value
ME-17725,1908.4532,77.81280000000001,13,146.80409230769231,1,Low Value
ME-18010,1256.944,107.3604,6,209.49066666666667,1,Low Value
MF-17665,937.039,-341.52650000000006,8,117.129875,1,Low Value
MF-18250,1758.3,456.86080000000004,12,146.525,1,Low Value
MG-17650,3785.276,341.898,14,270.37685714285715,0,Medium Value
MG-17680,2350.188,25.888599999999972,10,235.0188,1,Low Value
MG-17695,1342.282,-398.79319999999996,7,191.7545714285714,1,Low Value
MG-17875,1242.8329999999999,-470.7684,7,177.54757142857142,1,Low Value
MG-17890,776.384,171.7372,13,59.72184615384616,1,Low Value
MG-18145,3061.543,-93.603,8,382.692875,1,Low Value
MG-18205,16.739,-1.2453,2,8.3695,1,Low Value
MH-17290,2394.025,28.761200000000038,13,184.15576923076924,1,Low Value
MH-17440,400.016,61.428599999999996,9,44.446222222222225,1,Low Value
MH-17455,2456.1820000000002,484.77330000000006,11,223.28927272727276,1,Low Value
MH-17620,1252.8,122.3612,6,208.79999999999998,1,Low Value
MH-17785,2203.7780000000002,238.5614,11,200.34345454545456,1,Low Value
MH-18025,2984.948,476.9032,10,298.4948,1,Low Value
MH-18115,5503.093,170.9746,22,250.1405909090909,0,Medium Value
MJ-17740,6320.746,1054.5529000000001,15,421.38306666666665,0,Medium Value
MK-17905,2302.368,-405.3559,17,135.43341176470588,0,Medium Value
MK-18160,1031.602,227.83380000000002,11,93.78200000000001,1,Low Value
ML-17395,2722.843,684.9162,20,136.14215,0,Medium Value
ML-17410,2921.5,-76.17550000000003,15,194.76666666666668,0,Medium Value
ML-17755,2071.9139999999998,409.51120000000003,13,159.378,1,Low Value
ML-18040,742.082,138.71620000000001,4,185.5205,1,Low Value
ML-18265,162.232,42.6648,3,54.077333333333335,1,Low Value
MM-17260,1314.023,178.402,6,219.00383333333332,1,Low Value
MM-17920,3794.0800000000004,82.12499999999997,16,237.13000000000002,0,Medium Value
MM-18055,2749.881,-520.3443,19,144.7305789473684,0,Medium Value
MM-18280,775.414,58.8916,12,64.61783333333334,1,Low Value
MN-17935,2477.946,290.8227,10,247.7946,1,Low Value
MO-17500,922.487,59.357699999999994,5,184.4974,1,Low Value
MO-17800,1687.0269999999998,169.34369999999998,11,153.3660909090909,1,Low Value
MO-17950,154.288,-82.0074,4,38.572,1,Low Value
MP-17470,3206.132,600.2873,14,229.00942857142857,0,Medium Value
MP-17965,3983.6420000000003,638.1563,20,199.18210000000002,0,Medium Value
MP-18175,5087.92,226.4529,19,267.78526315789475,0,Medium Value
MR-17545,639.178,162.9363,6,106.52966666666667,1,Low Value
MS-17365,7443.6900000000005,844.9354999999998,24,310.15375,0,Medium Value
MS-17530,475.65599999999995,84.0268,7,67.95085714285713,1,Low Value
MS-17710,1613.402,247.4348,15,107.56013333333334,1,Low Value
MS-17770,3144.678,280.85839999999996,19,165.5093684210526,0,Medium Value
MS-17830,370.348,19.431199999999997,5,74.06960000000001,1,Low Value
MS-17980,855.116,55.226,11,77.73781818181818,1,Low Value
MT-17815,2890.139,509.0068,10,289.01390000000004,1,Low Value
MT-18070,1319.4498,-23.676300000000005,11,119.94998181818183,1,Low Value
MV-17485,1560.05,189.0258,15,104.00333333333333,1,Low Value
MV-18190,1734.574,273.8582,11,157.68854545454545,1,Low Value
MW-18220,5341.900000000001,1238.422,14,381.56428571428575,0,Medium Value
MW-18235,5253.876,1665.516,3,1751.2920000000001,2,High Value
MY-17380,2254.285,319.1211,13,173.40653846153845,1,Low Value
MY-18295,4152.696,-371.7111,21,197.74742857142857,0,Medium Value
MZ-17335,593.606,85.01910000000001,6,98.93433333333333,1,Low Value
MZ-17515,2564.906,787.7503,10,256.4906,1,Low Value
NB-18580,273.87199999999996,24.788800000000002,2,136.93599999999998,1,Low Value
NB-18655,1972.599,117.6429,17,116.03523529411764,0,Medium Value
NC-18340,2461.404,580.3075,17,144.7884705882353,0,Medium Value
NC-18415,2218.9900000000002,-2204.8072,14,158.49928571428572,1,Low Value
NC-18535,8241.739,1314.758,15,549.4492666666666,2,High Value
NC-18625,1821.742,-359.02099999999996,9,202.41577777777778,1,Low Value
ND-18370,4326.139,353.64549999999997,18,240.34105555555556,0,Medium Value
ND-18460,2893.455,443.33680000000004,8,361.681875,1,Low Value
NF-18385,8322.826,-1695.9714,14,594.4875714285714,0,Medium Value
NF-18475,377.16200000000003,85.92779999999999,4,94.29050000000001,1,Low Value
NF-18595,2031.472,388.2131,12,169.28933333333333,1,Low Value
NG-18355,1869.58,313.63349999999997,16,116.84875,0,Medium Value
NG-18430,1395.9379999999999,217.0893,9,155.1042222222222,1,Low Value
NH-18610,2673.29,760.1666,11,243.02636363636364,1,Low Value
NK-18490,572.048,121.2177,11,52.004363636363635,1,Low Value
NL-18310,1418.0900000000001,343.6381,10,141.80900000000003,1,Low Value
NM-18445,6459.344,2751.6848999999997,14,461.3817142857143,2,High Value
NM-18520,2161.979,788.9525000000001,15,144.1319333333333,0,Medium Value
NP-18325,5529.62,1208.8890000000001,21,263.3152380952381,0,Medium Value
NP-18670,3908.402,514.6002,10,390.8402,0,Medium Value
NP-18685,1228.698,514.5017,7,175.52828571428572,1,Low Value
NP-18700,7903.1825,631.2282,13,607.9371153846154,2,High Value
NR-18550,2367.277,-25.148799999999966,13,182.09823076923078,1,Low Value
NS-18505,2575.863,-12.303999999999997,15,171.7242,0,Medium Value
NS-18640,2964.823,-234.7714,26,114.03165384615384,0,Medium Value
NW-18400,7234.014,1023.123,22,328.8188181818182,0,Medium Value
NZ-18565,2488.31,402.4236,20,124.4155,0,Medium Value
ON-18715,1567.52,-5.88900000000001,15,104.50133333333333,1,Low Value
OT-18730,3818.624,-925.1203,10,381.8624,1,Low Value
PA-19060,729.408,225.8588,7,104.20114285714286,1,Low Value
PB-18805,740.356,229.2257,10,74.0356,1,Low Value
PB-19105,688.324,218.15970000000002,5,137.66479999999999,1,Low Value
PB-19150,1456.95,280.6606,11,132.45000000000002,1,Low Value
PB-19210,132.738,21.897000000000002,2,66.369,1,Low Value
PC-18745,1832.064,272.685,5,366.4128,1,Low Value
PC-19000,1061.488,-184.3364,3,353.82933333333335,1,Low Value
PF-19120,9062.864,-614.2943000000001,19,476.99284210526315,0,Medium Value
PF-19165,2770.0,196.87389999999996,10,277.0,1,Low Value
PF-19225,2206.1279999999997,591.3118000000001,10,220.61279999999996,1,Low Value
PG-18820,3086.907,137.46130000000002,26,118.72719230769232,0,Medium Value
PG-18895,1987.164,334.5163,17,116.892,0,Medium Value
PH-18790,729.648,47.8878,2,364.824,1,Low Value
PJ-18835,1220.09,442.1355,13,93.85307692307691,1,Low Value
PJ-19015,1824.2340000000002,682.9979000000001,10,182.42340000000002,1,Low Value
PK-18910,1441.152,-798.705,3,480.384,1,Low Value
PK-19075,8646.934,2038.2676000000001,25,345.87735999999995,2,High Value
PL-18925,239.481,-0.7527000000000026,8,29.935125,1,Low Value
PM-18940,1405.402,157.8768,4,351.3505,1,Low Value
PM-19135,4115.662,526.7537,7,587.9517142857143,1,Low Value
PN-18775,1467.152,192.0396,13,112.85784615384615,1,Low Value
PO-18850,7473.8282,38.47569999999996,22,339.7194636363636,0,Medium Value
PO-18865,2493.214,437.8533,13,191.7856923076923,1,Low Value
PO-19180,4893.043,1155.4331,18,271.8357222222222,0,Medium Value
PO-19195,1056.858,-49.70089999999999,10,105.6858,1,Low Value
PP-18955,7252.608,1495.0854,34,213.312,0,Medium Value
PR-18880,1840.178,247.6226,12,153.34816666666669,1,Low Value
PS-18760,2181.479,-134.441,21,103.87995238095237,0,Medium Value
PS-18970,1278.639,198.5099,13,98.35684615384615,1,Low Value
PS-19045,6843.634,1742.7296999999999,13,526.4333846153846,2,High Value
PT-19090,160.572,-20.0508,7,22.93885714285714,1,Low Value
PV-18985,2876.046,434.52840000000003,13,221.23430769230768,0,Medium Value
PW-19030,3454.916,803.8169,13,265.76276923076927,0,Medium Value
PW-19240,3922.4150000000004,1290.354,12,326.8679166666667,0,Medium Value
QJ-19255,6108.338,1203.6768,13,469.8721538461538,0,Medium Value
RA-19285,2617.906,546.0882,17,153.9944705882353,0,Medium Value
RA-19885,3832.314,1292.8656,15,255.4876,0,Medium Value
RA-19915,4793.543,304.8673,22,217.88831818181816,0,Medium Value
RA-19945,1686.9225,-445.695,9,187.43583333333333,1,Low Value
RB-19330,1008.1959999999999,-164.40619999999998,6,168.03266666666664,1,Low Value
RB-19360,15117.339,6976.0959,18,839.8521666666667,2,High Value
RB-19435,2663.0860000000002,477.23990000000003,16,166.44287500000002,0,Medium Value
RB-19465,4715.466,640.5466,23,205.02026086956522,0,Medium Value
RB-19570,528.546,76.8879,9,58.72733333333334,1,Low Value
RB-19645,221.084,72.679,7,31.583428571428573,1,Low Value
RB-19705,2067.45,243.07549999999998,7,295.34999999999997,1,Low Value
RB-19795,5633.316000000001,-461.73319999999995,18,312.96200000000005,0,Medium Value
RC-19825,966.409,63.991400000000006,10,96.6409,1,Low Value
RC-19960,885.752,10.563300000000002,11,80.52290909090908,1,Low Value
RD-19480,4272.93,480.594,15,284.862,0,Medium Value
RD-19585,2912.8940000000002,734.5158,19,153.3102105263158,0,Medium Value
RD-19660,2786.632,835.772,5,557.3264,1,Low Value
RD-19720,1419.737,207.3304,20,70.98685,0,Medium Value
RD-19810,1137.616,318.4625,16,71.101,1,Low Value
RD-19900,3133.924,455.5292,21,149.2344761904762,0,Medium Value
RD-19930,970.9420000000001,35.05740000000001,10,97.09420000000001,1,Low Value
RE-19405,48.36,6.045,1,48.36,1,Low Value
RE-19450,876.696,209.2294,9,97.41066666666667,1,Low Value
RF-19345,3309.15,633.7072000000001,16,206.821875,0,Medium Value
RF-19735,2341.2960000000003,711.6168,14,167.2354285714286,0,Medium Value
RF-19840,945.222,280.0261,11,85.92927272727273,1,Low Value
RH-19495,3621.3759999999997,563.7877,8,452.67199999999997,1,Low Value
RH-19510,6979.18,1289.4535,12,581.5983333333334,2,High Value
RH-19555,740.382,0.30570000000000164,3,246.79399999999998,1,Low Value
RH-19600,2085.7400000000002,172.6261,11,189.61272727272728,1,Low Value
RK-19300,1460.192,269.688,8,182.524,1,Low Value
RL-19615,6234.91,488.14840000000004,24,259.78791666666666,0,Medium Value
RM-19375,1453.474,392.1499,9,161.4971111111111,1,Low Value
RM-19675,5979.0960000000005,1902.5438000000001,11,543.5541818181819,2,High Value
RM-19750,98.35,28.6879,2,49.175,1,Low Value
RO-19780,3815.478,-1262.5716000000002,12,317.9565,1,Low Value
RP-19270,954.6452,59.538399999999996,12,79.55376666666668,1,Low Value
RP-19390,5153.084,465.25030000000015,25,206.12336,0,Medium Value
RP-19855,2170.716,594.5868,15,144.71439999999998,0,Medium Value
RR-19315,615.932,-73.835,4,153.983,1,Low Value
RR-19525,3302.2619999999997,721.6826,10,330.22619999999995,1,Low Value
RS-19420,3221.29,633.4513999999999,9,357.9211111111111,1,Low Value
RS-19765,4159.7699999999995,1206.3851,14,297.12642857142856,0,Medium Value
RS-19870,22.328,9.5838,3,7.442666666666667,1,Low Value
RW-19540,7397.401,1586.6273,23,321.6261304347826,0,Medium Value
RW-19630,3279.746,698.8325,16,204.984125,0,Medium Value
RW-19690,3495.646,707.5503,15,233.04306666666668,0,Medium Value
SA-20830,4767.3415,610.1496000000001,21,227.01626190476193,0,Medium Value
SB-20170,1348.02,157.6658,7,192.5742857142857,1,Low Value
SB-20185,6410.996,885.4623999999999,12,534.2496666666667,2,High Value
SB-20290,8057.891,-2082.7451,17,473.9935882352941,0,Medium Value
SC-20020,3362.9636,-317.0508,17,197.8213882352941,0,Medium Value
SC-20050,4624.572,1011.7443,15,308.3048,0,Medium Value
SC-20095,14142.333999999999,5757.411899999999,22,642.8333636363636,2,High Value
SC-20230,4371.9580000000005,440.14099999999996,11,397.4507272727273,0,Medium Value
SC-20260,3729.7929999999997,671.0033999999999,18,207.21072222222222,0,Medium Value
SC-20305,3979.065,229.1617,12,331.58875,0,Medium Value
SC-20380,5992.536,236.66149999999996,20,299.6268,0,Medium Value
SC-20440,1874.998,379.5611,10,187.4998,1,Low Value
SC-20575,902.7280000000001,100.2253,7,128.96114285714287,1,Low Value
SC-20680,1254.64,370.1578,8,156.83,1,Low Value
SC-20695,2576.408,611.8291,14,184.02914285714286,0,Medium Value
SC-20725,5226.21,1276.6513,26,201.0080769230769,0,Medium Value
SC-20770,4492.657,-671.1874,21,213.93604761904763,0,Medium Value
SC-20800,279.25600000000003,51.8252,5,55.851200000000006,1,Low Value
SC-20845,280.632,31.1757,4,70.158,1,Low Value
SD-20485,6121.114,1985.1671999999999,21,291.481619047619,0,Medium Value
SE-20110,12209.438000000002,2650.6769,19,642.6020000000001,2,High Value
SF-20065,763.5459999999999,228.1623,9,84.83844444444443,1,Low Value
SF-20200,3422.7859999999996,286.9046,15,228.1857333333333,0,Medium Value
SF-20965,3336.535,539.9352,17,196.26676470588234,0,Medium Value
SG-20080,3406.5809999999997,570.438,11,309.6891818181818,1,Low Value
SG-20470,1884.798,-119.0105,14,134.62842857142857,1,Low Value
SG-20605,3124.832,463.269,13,240.37169230769229,0,Medium Value
SG-20890,47.946,-3.7073,5,9.5892,1,Low Value
SH-19975,3406.8395,558.4739999999999,29,117.47722413793103,0,Medium Value
SH-20395,2180.718,-144.5229,15,145.38119999999998,1,Low Value
SH-20635,2096.392,260.6258,2,1048.196,2,High Value
SJ-20125,3949.656,144.1189,24,164.569,0,Medium Value
SJ-20215,1341.036,-23.5137,10,134.1036,1,Low Value
SJ-20500,1318.776,68.09629999999999,7,188.39657142857143,1,Low Value
SK-19990,883.409,168.7933,5,176.6818,1,Low Value
SL-20155,3053.012,527.9715,9,339.22355555555555,1,Low Value
SM-20005,244.49399999999997,-26.5927,6,40.748999999999995,1,Low Value
SM-20320,25043.05,-1980.7393,15,1669.5366666666666,2,High Value
SM-20905,1043.041,-237.2885,6,173.84016666666665,1,Low Value
SM-20950,5563.392,581.5741999999999,22,252.88145454545455,0,Medium Value
SN-20560,1860.418,-716.8565000000001,15,124.02786666666665,1,Low Value
SN-20710,3127.9592,481.74989999999997,19,164.62943157894736,0,Medium Value
SO-20335,2602.5755,-81.0858,15,173.50503333333333,0,Medium Value
SP-20545,1306.086,-118.77570000000001,10,130.6086,1,Low Value
SP-20620,5440.319,-270.42819999999995,24,226.67995833333336,0,Medium Value
SP-20650,1872.4360000000001,268.4782,15,124.82906666666668,1,Low Value
SP-20860,4282.94,566.7226,24,178.45583333333332,0,Medium Value
SP-20920,3990.689,14.692400000000003,14,285.0492142857143,0,Medium Value
SR-20425,3233.481,-3333.9144,9,359.27566666666667,1,Low Value
SR-20740,4345.8859999999995,1990.4243999999999,12,362.1571666666666,0,Medium Value
SS-20140,1324.028,332.3487,21,63.04895238095238,0,Medium Value
SS-20410,3056.8070000000002,-1010.9738,12,254.7339166666667,1,Low Value
SS-20515,613.4,199.93449999999999,6,102.23333333333333,1,Low Value
SS-20590,418.49,135.5401,9,46.49888888888889,1,Low Value
SS-20875,964.636,-75.586,15,64.30906666666667,1,Low Value
ST-20530,433.34000000000003,84.4419,12,36.11166666666667,1,Low Value
SU-20665,2595.364,763.4719,18,144.1868888888889,0,Medium Value
SV-20365,11470.949999999999,1199.4242,32,358.46718749999997,2,High Value
SV-20785,4105.305,485.0272,25,164.21220000000002,0,Medium Value
SV-20815,1271.0900000000001,199.6502,6,211.84833333333336,1,Low Value
SV-20935,1903.491,106.8912,13,146.4223846153846,1,Low Value
SW-20245,1085.078,-19.60620000000001,10,108.5078,1,Low Value
SW-20275,1966.65,332.8725,7,280.95,1,Low Value
SW-20350,1019.044,95.8383,6,169.84066666666666,1,Low Value
SW-20455,2921.544,793.6548,9,324.616,1,Low Value
SW-20755,758.6959999999999,68.2416,8,94.83699999999999,1,Low Value
SZ-20035,3625.329,366.43030000000005,20,181.26645000000002,0,Medium Value
TA-21385,14595.62,4703.7883,10,1459.5620000000001,2,High Value
TB-21055,1467.881,390.2113,18,81.54894444444444,0,Medium Value
TB-21175,3589.296,829.1635,11,326.29963636363635,0,Medium Value
TB-21190,816.1740000000001,179.0038,4,204.04350000000002,1,Low Value
TB-21250,1602.376,260.6155,19,84.33557894736842,0,Medium Value
TB-21280,2198.45,490.9567,11,199.8590909090909,1,Low Value
TB-21355,834.328,268.967,13,64.17907692307692,1,Low Value
TB-21400,9133.99,2798.3689,17,537.2935294117647,2,High Value
TB-21520,4737.486,-1603.0451,20,236.8743,0,Medium Value
TB-21595,1387.559,-136.4091,7,198.2227142857143,1,Low Value
TB-21625,2797.668,379.882,15,186.5112,0,Medium Value
TC-20980,19052.218,8981.323900000001,12,1587.6848333333335,2,High Value
TC-21145,1038.26,265.5332,4,259.565,1,Low Value
TC-21295,4266.812,606.3727,16,266.67575,0,Medium Value
TC-21475,1244.976,119.104,11,113.17963636363638,1,Low Value
TC-21535,742.5580000000001,217.933,10,74.25580000000001,1,Low Value
TD-20995,1434.5480000000002,88.1897,16,89.65925000000001,1,Low Value
TG-21310,3058.372,682.1704,9,339.8191111111111,1,Low Value
TG-21640,2074.661,365.7205,10,207.4661,1,Low Value
TH-21100,2422.824,-135.2125,7,346.11771428571427,1,Low Value
TH-21115,2942.772,-252.5539,9,326.9746666666667,1,Low Value
TH-21235,1022.201,92.729,13,78.63084615384615,1,Low Value
TH-21550,4234.0960000000005,-571.9678,13,325.6996923076923,0,Medium Value
TM-21010,2955.2259999999997,573.3013,19,155.53821052631577,0,Medium Value
TM-21490,1094.6779999999999,292.52099999999996,4,273.66949999999997,1,Low Value
TN-21040,3130.221,-692.0452,12,260.85175,1,Low Value
TP-21130,4454.0560000000005,1129.1261,16,278.37850000000003,0,Medium Value
TP-21415,5329.0048,-1087.3898,10,532.90048,1,Low Value
TP-21565,1936.6399999999999,139.22869999999995,10,193.664,1,Low Value
TR-21325,675.9419999999999,220.36440000000002,7,96.56314285714284,1,Low Value
TS-21085,4.833,-3.3156,2,2.4165,1,Low Value
TS-21160,2163.6240000000003,260.87440000000004,17,127.27200000000002,0,Medium Value
TS-21205,5371.09,862.8877,19,282.68894736842105,0,Medium Value
TS-21340,974.7819999999999,-184.97889999999998,12,81.23183333333333,1,Low Value
TS-21370,11891.751,2371.7144000000003,15,792.7834,2,High Value
TS-21430,2054.14,48.70169999999999,7,293.4485714285714,1,Low Value
TS-21505,2243.274,11.377899999999983,14,160.23385714285715,1,Low Value
TS-21610,2820.424,-294.6981,11,256.4021818181818,1,Low Value
TS-21655,3368.094,220.91629999999998,14,240.57814285714286,0,Medium Value
TT-21070,4915.602,751.9567,14,351.11442857142856,0,Medium Value
TT-21220,1427.0439999999999,278.7371,15,95.13626666666666,1,Low Value
TT-21265,439.5,93.9162,3,146.5,1,Low Value
TT-21460,5364.808,1124.4999,14,383.20057142857144,0,Medium Value
TW-21025,5278.826,737.3905,12,439.9021666666667,0,Medium Value
TZ-21580,1707.286,224.8887,9,189.69844444444445,1,Low Value
VB-21745,2005.596,371.2398,10,200.5596,1,Low Value
VD-21670,6442.254,1617.7874000000002,16,402.640875,0,Medium Value
VF-21715,847.944,-96.27799999999999,11,77.08581818181818,1,Low Value
VG-21790,846.01,143.6268,8,105.75125,1,Low Value
VG-21805,427.372,-52.333,6,71.22866666666667,1,Low Value
VM-21685,2454.866,513.5269,12,204.57216666666667,1,Low Value
VM-21835,380.69,116.6373,8,47.58625,1,Low Value
VP-21730,993.9019999999999,205.3888,5,198.7804,1,Low Value
VP-21760,3360.526,-1018.7768,14,240.03757142857143,1,Low Value
VS-21820,1055.981,-262.8093,8,131.997625,1,Low Value
VT-21700,1736.596,-224.08889999999997,9,192.9551111111111,1,Low Value
VW-21775,6134.0380000000005,-874.6645,18,340.77988888888893,0,Medium Value
WB-21850,6160.102,714.3311,37,166.48924324324324,0,Medium Value
XP-21865,2374.658,621.23,28,84.80921428571428,0,Medium Value
YC-21895,5454.35,1305.629,8,681.79375,2,High Value
YS-21880,6720.4439999999995,1778.2923,12,560.0369999999999,2,High Value
ZC-21910,8025.707,-1032.1490000000001,31,258.8937741935484,0,Medium Value
ZD-21925,1493.944,249.1307,9,165.99377777777778,1,Low Value
